{"cameraMode":{"drawMode":0,"name":"Shaded","section":"Shading Mode"},"sceneLighting":true,"audioPlay":false,"sceneViewState":{"showFog":true,"showMaterialUpdate":true,"showSkybox":true,"showFlares":true,"showImageEffects":true,"showParticleSystems":true},"in2DMode":false,"pivot":{"x":12.545501708984375,"y":-20.192792892456056,"z":0.2646350860595703},"rotation":{"x":-0.1430388242006302,"y":-0.17362730205059052,"z":0.025497499853372575,"w":-0.97403484582901},"size":5.322984218597412,"orthographic":false}