{"cameraMode":{"drawMode":0,"name":"Shaded","section":"Shading Mode"},"sceneLighting":true,"audioPlay":false,"sceneViewState":{"showFog":true,"showMaterialUpdate":true,"showSkybox":true,"showFlares":true,"showImageEffects":true,"showParticleSystems":true},"in2DMode":false,"pivot":{"x":-10.956474304199219,"y":-11.622550964355469,"z":-2.51336669921875},"rotation":{"x":-0.10104453563690186,"y":-0.4608818292617798,"z":0.05291393771767616,"w":-0.8801016211509705},"size":53.65589904785156,"orthographic":false}